HER, jude
HER, st jude
LER, egfellow
HER, 488
HER, 488 7386
HER, 7386
HER, 866
HER, 866 488
HER, 866 488 7386
HER, abortion
HER, pp
LER, video4change
HER, lgbtq
HER, retweet
LER, socent
HER, pet
LER, liana
LER, bigboldchange
LER, volunteer liana
HER, endalz
LER, befearless
HER, standwithpp
HER, adoptaspca
HER, wewontgoback
HER, kids st
HER, kids st jude
HER, retweet adoptaspca
LER, video4change daily
HER, help home
LER, skollwf
LER, socents
HER, rotary
LER, daily stories
LER, video4change daily stories
HER, notmycandidate
LER, program feb
HER, pet week
HER, alzheimer
LER, 19th 2015
LER, buessecker
LER, buessecker peru
LER, buessecker peru cusco
LER, liana buessecker
LER, liana buessecker peru
LER, volunteer liana buessecker
LER, 5th march
LER, 5th march 19th
LER, feb 5th
LER, feb 5th march
LER, march 19th
LER, march 19th 2015
LER, orphanage program feb
LER, program feb 5th
LER, turn donation
LER, acumen
LER, entrepreneurs
HER, help home pet
HER, home pet
HER, home pet week
LER, kiva
HER, anti
HER, pray
LER, egfellows
HER, habitat
LER, egfellow org
HER, parenthood
LER, thanks ff
HER, planned parenthood
HER, st
LER, livestrong
HER, rescued
HER, reprorights
LER, getbeyondbetter
LER, 86aids
LER, africayouthfwd
LER, seizethefuture
LER, periscope
HER, lgbtq youth
HER, anti abortion
HER, transgender
LER, ent4all
LER, acumenfellowsama
HER, trans
HER, actonclimate
HER, polio
LER, gwconf2015
LER, kf26
HER, tpp
HER, safe legal
HER, ppact4hillary
LER, entrepreneurship
LER, mayoclinicradio
HER, extremists
HER, lgbt
HER, senate
LER, cusco orphanage program
LER, socentchat
HER, flint
LER, sechallenge
LER, thankstoeducation
HER, habitatforhumanity
HER, flintwatercrisis
HER, 24 866
HER, 24 866 488
HER, women health
HER, muttmonday
LER, live periscope
LER, impinv
HER, reprohealth
HER, legal abortion
HER, imwithher
HER, freeraif
HER, doyourjob
LER, mercystreetpbs
HER, safe legal abortion
HER, gopdebate
LER, mayo clinic
LER, investee
HER, endpolio
HER, happytail
HER, kunduz
LER, ol
LER, ff
HER, lawmakers
HER, wildlifewednesday
LER, espa
LER, espa ol
LER, 2015 volunteer
LER, cartagena
LER, 19th 2015 volunteer
LER, 2015 volunteer liana
LER, kf27
HER, felinefriday
HER, stopthesham
LER, insights
LER, mcon
LER, bbgnbt
HER, happy muttmonday
HER, selfcare
HER, laws
HER, scotus
LER, 2nd trip
LER, 2nd trip cartagena
LER, hervey 2nd
LER, hervey 2nd trip
LER, jessica hervey 2nd
LER, trip cartagena
HER, trevor
LER, kidlit
HER, birth control
HER, forests
LER, sxsw2016
HER, inourcorner
LER, cusco orphanage
LER, peru cusco orphanage
HER, arctic
HER, animals
HER, demdebate
HER, solidarity
HER, tfa25
LER, cusco
LER, fellows
HER, cruelty
LER, video4justice
LER, thanks sharing
HER, hb2
LER, workonpurpose
HER, thousands
LER, peru cusco
LER, elderly care
LER, befair
LER, children center
HER, renewables
LER, orphanage program
HER, equalityforward
LER, elderly care center
LER, belize
LER, august
HER, nohateinmystate
HER, saudi
LER, que
LER, medical program
LER, uploaded
HER, ivoteppaction
LER, abroaderview
LER, skoll
LER, trends
LER, hiring
HER, puppy
HER, discrimination
HER, roe
LER, dxichat
LER, abroad la
LER, abroad la serena
LER, chile elderly
LER, chile elderly care
LER, serena chile elderly
LER, volunteer abroad la
HER, home happytail
LER, quoted
